departamento;id;value
05;05000;Dirección Departamental de Antioquia
05;05001;Dirección de Salud de Medellín
05;05002;Dirección Municipal de Salud de Abejorral
05;05004;Dirección Municipal de Abriaquí
05;05021;Dirección Municipal de Salud de Alejandría
05;05030;Dirección Municipal de Salud de Amagá
05;05031;Dirección Municipal de Salud de Amalfi
05;05034;Dirección Municipal de Salud de Andes
05;05036;Dirección Municipal de Salud de Angelópolis
05;05038;Dirección Municipal de Salud de Angostura
05;05040;Dirección Municipal de Salud de Anorí
05;05042;Dirección Municipal de Salud de Santafé de Antioquia
05;05044;Dirección Municipal de Salud de Anzá
05;05045;Dirección Municipal de Salud de Apartadó
05;05051;Dirección Municipal de Salud de Arboletes
05;05055;Dirección Municipal de Salud de Argelia
05;05059;Dirección Municipal de Salud de Armenia
05;05079;Dirección Municipal de Salud de Barbosa
05;05086;Dirección Municipal de Salud de Belmira
05;05088;Dirección Local de Salud Bello Antioquia
05;05091;Dirección Municipal de Salud de Betania
05;05093;Dirección Municipal de Salud de Betulia
05;05101;Dirección Municipal de Salud de Ciudad Bolívar
05;05107;Dirección Municipal de Salud de Briceño
05;05113;Dirección Municipal de Salud de Buriticá
05;05120;Dirección Municipal de Salud de Cáceres
05;05125;Dirección Municipal de Salud de Caicedo
05;05129;Dirección Municipal de Salud de Caldas
05;05134;Dirección Municipal de Salud de Campamento
05;05138;Dirección Municipal de Salud de Cañasgordas
05;05142;Dirección Municipal de Salud de Caracolí
05;05145;Dirección Municipal de Salud de Caramanta
05;05147;Dirección Municipal de Salud de Carepa
05;05148;Dirección Municipal de Salud de Carmen de Viboral
05;05150;Dirección Municipal de Salud de Carolina
05;05154;Dirección Municipal de Salud de Caucasia
05;05172;Dirección Municipal de Salud de Chigorodó
05;05190;Dirección Municipal de Salud de Cisneros
05;05197;Dirección Municipal de Salud de Cocorná
05;05206;Dirección Municipal de Salud de Concepción
05;05209;Dirección Municipal de Salud de Concordia
05;05212;Dirección Municipal de Salud de Copacabana
05;05234;Dirección Municipal de Salud de Dabeiba
05;05237;Dirección Municipal de Salud de Don Matías
05;05240;Dirección Municipal de Salud de Ebéjico
05;05250;Dirección Municipal de Salud de El Bagre
05;05264;Dirección Municipal de Salud de Entrerríos
05;05266;Dirección Local de Salud de Envigado
05;05282;Dirección Municipal de Salud de Fredonia
05;05284;Dirección Municipal de Salud de Frontino
05;05306;Dirección Municipal de Salud de Giraldo
05;05308;Dirección Municipal de Salud de Girardota
05;05310;Dirección Municipal de Salud de Gómez Plata
05;05313;Dirección Municipal de Salud de Granada
05;05315;Dirección Municipal de Salud de Guadalupe
05;05318;Dirección Municipal de Salud de Guarne
05;05321;Dirección Municipal de Salud de Guatapé
05;05347;Dirección Municipal de Salud de Heliconia
05;05353;Dirección Municipal de Salud de Hispania
05;05360;Dirección Municipal de Salud de Itagüí
05;05361;Dirección Municipal de Salud de Ituango
05;05364;Dirección Municipal de Salud de Jardín
05;05368;Dirección Municipal de Salud de Jericó
05;05376;Dirección Municipal de Salud de La Ceja
05;05380;Dirección Municipal de Salud de La Estrella
05;05390;Dirección Municipal de Salud de La Pintada
05;05400;Dirección Municipal de Salud de La Unión
05;05411;Dirección Municipal de Salud de Liborina
05;05425;Dirección Municipal de Salud de Maceo
05;05440;Dirección Municipal de Salud de Marinilla
05;05467;Dirección Municipal de Salud de Montebello
05;05475;Dirección Municipal de Salud de Murindó
05;05480;Dirección Municipal de Salud de Mutata
05;05483;Dirección Municipal de Salud de Nariño
05;05490;Dirección Municipal de Salud de Necoclí
05;05495;Dirección Municipal de Salud de Nechí
05;05501;Dirección Municipal de Salud de Olaya
05;05541;Dirección Municipal de Salud de Peñol
05;05543;Dirección Municipal de Salud de Peque
05;05576;Dirección Municipal de Salud de Pueblorrico
05;05579;Dirección Municipal de Salud de Puerto Berrío
05;05585;Dirección Municipal de Salud de Puerto Nare
05;05591;Dirección Municipal de Salud de Puerto Triunfo
05;05604;Dirección Municipal de Salud de Remedios
05;05607;Dirección Municipal de Salud de Retiro
05;05615;Dirección Municipal de Salud de Rionegro
05;05628;Dirección Municipal de Salud de Sabanalarga
05;05631;Secretaría de Salud Sabaneta Antioquia
05;05642;Dirección Municipal de Salud de Salgar
05;05647;Dirección Municipal de Salud de San Andrés de Cuerquía
05;05649;Dirección Municipal de Salud de San Carlos
05;05652;Dirección Municipal de Salud de San Francisco
05;05656;Dirección Municipal de Salud de San Jerónimo
05;05658;Dirección Municipal de Salud de San José de la Montaña
05;05659;Dirección Local de Salud de San Juan de Urabá
05;05660;Dirección Municipal de Salud de San Luis
05;05664;Dirección Municipal de Salud de San Pedro
05;05665;Dirección Municipal de Salud de San Pedro de Urabá
05;05667;Dirección Municipal de Salud de San Rafael
05;05670;Dirección Municipal de Salud de San Roque
05;05674;Dirección Municipal de Salud de San Vicente
05;05679;Dirección Municipal de Salud de Santa Bárbara
05;05686;Dirección Municipal de Salud de Santarosa de Osos
05;05690;Dirección Municipal de Salud de Santo Domingo
05;05697;Dirección Local de Salud El Santuario
05;05736;Dirección Municipal de Salud de Segovia
05;05756;Dirección Municipal de Salud de Sonsón
05;05761;Dirección Municipal de Salud de Sopetrán
05;05789;Dirección Municipal de Salud de Támesis
05;05790;Dirección Municipal de Salud de Tarazá
05;05792;Dirección Municipal de Salud de Tarso
05;05809;Dirección Municipal de Salud de Titiribí
05;05819;Dirección Municipal de Salud de Toledo
05;05837;Dirección Municipal de Salud de Turbo
05;05842;Dirección Municipal de Salud de Uramita
05;05847;Dirección Municipal de Salud de Urrao
05;05854;Dirección Municipal de Salud de Valdivia
05;05856;Dirección Municipal de Salud de Valparaíso
05;05858;Dirección Local de Salud Vegachi Antioquia
05;05861;Dirección Municipal de Salud de Venecia
05;05873;Dirección Municipal de Salud de Vigía del Fuerte
05;05885;Dirección Municipal de Salud de Yalí
05;05887;Dirección Municipal de Salud de Yarumal
05;05890;Dirección Municipal de Salud de Yolombó
05;05893;Dirección Municipal de Salud de Yondó
05;05895;Dirección Municipal de Salud de Zaragoza
08;08000;Dirección Departamental de Atlántico
08;08001;Dirección Municipal de Salud de Barranquilla
08;08078;Dirección Municipal de Salud de Baranoa
08;08137;Dirección Municipal de Salud de Campo de la Cruz
08;08141;Dirección Municipal de Salud de Candelaria
08;08296;Dirección Municipal de Salud de Galapa
08;08372;Dirección Municipal de Salud de Juan de Acosta
08;08421;Dirección Municipal de Salud de Luruaco
08;08433;Dirección Municipal de Salud de Malambo
08;08436;Dirección Municipal de Salud de Manatí
08;08520;Dirección Municipal de Salud de Palmar de Varela
08;08549;Dirección Municipal de Salud de Piojó
08;08558;Dirección Municipal de Salud de Polonuevo
08;08560;Dirección Municipal de Salud de Ponedera
08;08573;Dirección Municipal de Salud de Puerto Colombia
08;08606;Dirección Municipal de Salud de Repelón
08;08634;Dirección Municipal de Salud de Sabanagrande
08;08638;Dirección Municipal de Salud de Sabanalarga
08;08675;Dirección Municipal de Salud de Santa Lucia
08;08685;Dirección Municipal de Salud de Santo Tomás
08;08758;Dirección Municipal de Salud de Soledad
08;08770;Dirección Municipal de Salud de Suan
08;08832;Dirección Municipal de Salud de Tubará
08;08849;Dirección Municipal de Salud de Usiacuri
11;11000;Secretaría Distrital de Salud
11;11001;Secretaría Distrital de Salud de Bogotá
11;11002;Dirección Municipal de Salud de Chapinero
11;11003;Dirección Municipal de Salud de Santa Fé
11;11004;Dirección Municipal de Salud de San Cristóbal
11;11005;Dirección Municipal de Salud de Usme
11;11006;Dirección Municipal de Salud de Tunjuelito
11;11007;Dirección Municipal de Salud de Bosa
11;11008;Dirección Municipal de Salud de Kennedy
11;11009;Dirección Municipal de Salud de Fontibón
11;11010;Dirección Municipal de Salud de Engativá
11;11011;Dirección Municipal de Salud de Suba
11;11012;Dirección Municipal de Salud de Barrios Unidos
11;11013;Dirección Municipal de Salud de Teusaquillo
11;11014;Dirección Municipal de Salud de Mártires
11;11015;Dirección Municipal de Salud de Antonio Nariño
11;11016;Dirección Municipal de Salud de Puente Aranda
11;11017;Dirección Municipal de Salud de Candelaria
11;11018;Dirección Municipal de Salud de Rafael Uribe
11;11019;Dirección Municipal de Salud de Ciudad Bolivar
11;11020;Dirección Municipal de Salud de Sumapaz
13;13000;Dirección Departamental de Bolívar
13;13001;Dirección Municipal de Salud de Cartagena
13;13006;Dirección Municipal de Salud de Achí
13;13030;Dirección Municipal de Salud de Altos del Rosario
13;13042;Dirección Municipal de Salud de Arenal
13;13052;Dirección Municipal de Salud de Arjona
13;13062;Dirección Municipal de Salud de Arroyohondo
13;13074;Dirección Municipal de Salud de Barranco de Loba
13;13140;Dirección Municipal de Salud de Calamar
13;13160;Dirección Municipal de Salud de Cantagallo
13;13188;Dirección Municipal de Salud de Cicuco
13;13212;Dirección Municipal de Salud de Córdoba
13;13222;Dirección Municipal de Salud de Clemencia
13;13244;Dirección Municipal de Salud de El Carmen de Bolívar
13;13248;Dirección Municipal de Salud de El Guamo
13;13268;Dirección Municipal de Salud de El Peñón
13;13300;Dirección Municipal de Salud de Hatillo de Loba
13;13430;Dirección Municipal de Salud de Magangué
13;13433;Dirección Municipal de Salud de Mahates
13;13440;Dirección Municipal de Salud de Margarita
13;13442;Dirección Municipal de Salud de Maria la Baja
13;13458;Dirección Municipal de Salud de Montecristo
13;13468;Dirección Municipal de Salud de Mompós
13;13473;Dirección Municipal de Salud de Morales
13;13490;Dirección Municipal de Norosi
13;13549;Dirección Municipal de Salud de Pinillos
13;13580;Dirección Municipal de Salud de Regidor
13;13600;Dirección Municipal de Salud de Rio Viejo
13;13620;Dirección Municipal de Salud de San Cristóbal
13;13647;Dirección Municipal de Salud de San Estanislao
13;13650;Dirección Municipal de Salud de San Fernando
13;13654;Dirección Municipal de Salud de San Jacinto
13;13655;Dirección Municipal de Salud de San Jacinto del Cauca
13;13657;Dirección Municipal de Salud de San Juan Nepomuceno
13;13667;Dirección Municipal de Salud de San Martín de Loba
13;13670;Dirección Municipal de Salud de San Pablo
13;13673;Dirección Municipal de Salud de Santa Catalina
13;13683;Dirección Municipal de Salud de Santa Rosa
13;13688;Dirección Municipal de Salud de Santa Rosa del Sur
13;13744;Dirección Municipal de Salud de Simití
13;13760;Dirección Municipal de Salud de Soplaviento
13;13780;Dirección Municipal de Salud de Talaigua Nuevo
13;13810;Dirección Municipal de Salud de Tiquisio
13;13836;Dirección Municipal de Salud de Turbaco
13;13838;Dirección Municipal de Salud de Turbana
13;13873;Dirección Municipal de Salud de Villanueva
13;13894;Dirección Municipal de Salud de Zambrano
15;15000;Dirección de Departamental de Boyacá
15;15001;Dirección Municipal de Salud de Tunja
15;15022;Dirección Municipal de Salud de Almeida
15;15047;Dirección Municipal de Salud de Aquitania
15;15051;Dirección Municipal de Salud de Arcabuco
15;15087;Dirección Municipal de Salud de Belén
15;15090;Dirección Municipal de Salud de Berbeo
15;15092;Dirección Municipal de Salud de Beteitiva
15;15097;Dirección Municipal de Salud de Boavita
15;15104;Dirección Municipal de Salud de Boyacá
15;15106;Dirección Municipal de Salud de Briceño
15;15109;Dirección Municipal de Salud de Buenavista
15;15114;Dirección Municipal de Salud de Busbanza
15;15131;Dirección Municipal de Salud de Caldas
15;15135;Dirección Municipal de Salud de Campohermoso
15;15162;Dirección Municipal de Salud de Cerinza
15;15172;Dirección Municipal de Salud de Chinavita
15;15176;Dirección Municipal de Salud de Chiquinquirá
15;15180;Dirección Municipal de Salud de Chiscas
15;15183;Dirección Municipal de Salud de Chita
15;15185;Dirección Municipal de Salud de Chitaraque
15;15187;Dirección Municipal de Salud de Chivatá
15;15189;Dirección Municipal de Salud de Ciénega
15;15204;Dirección Municipal de Salud de Cómbita
15;15212;Dirección Municipal de Salud de Coper
15;15215;Dirección Municipal de Salud de Corrales
15;15218;Dirección Municipal de Salud de Covarachía
15;15223;Dirección Municipal de Salud de Cubará
15;15224;Dirección Municipal de Salud de Cucaita
15;15226;Dirección Municipal de Salud de Cuítiva
15;15232;Dirección Municipal de Salud de Chíquiza
15;15236;Dirección Municipal de Salud de Chivor
15;15238;Dirección Municipal de Salud de Duitama
15;15244;Dirección Municipal de Salud de El Cocuy
15;15248;Dirección Municipal de Salud de El Espino
15;15272;Dirección Municipal de Salud de Firavitoba
15;15276;Dirección Municipal de Salud de Floresta
15;15293;Dirección Municipal de Salud de Gachantiva
15;15296;Dirección Municipal de Salud de Gámeza
15;15299;Dirección Municipal de Salud de Garagoa
15;15317;Dirección Municipal de Salud de Guacamayas
15;15322;Dirección Municipal de Salud de Guateque
15;15325;Dirección Municipal de Salud de Guayatá
15;15332;Dirección Municipal de Salud de Güicán
15;15362;Dirección Municipal de Salud de Iza
15;15367;Dirección Municipal de Salud de Jenesano
15;15368;Dirección Municipal de Salud de Jericó
15;15377;Dirección Municipal de Salud de Labranzagrande
15;15380;Dirección Municipal de Salud de la Capilla
15;15401;Dirección Municipal de Salud de la Victoria
15;15403;Dirección Municipal de Salud de la Uvita
15;15407;Dirección Municipal de Salud de Villa de Leyva
15;15425;Dirección Municipal de Salud de Macanal
15;15442;Dirección Municipal de Salud de Maripí
15;15455;Dirección Municipal de Salud de Miraflores
15;15464;Dirección Municipal de Salud de Mongua
15;15466;Dirección Municipal de Salud de Monguí
15;15469;Dirección Municipal de Salud de Moniquirá
15;15476;Dirección Municipal de Salud de Motavita
15;15480;Dirección Municipal de Salud de Muzo
15;15491;Dirección Municipal de Salud de Nobsa
15;15494;Dirección Municipal de Salud de Nuevo Colón
15;15500;Dirección Municipal de Salud de Oicatá
15;15507;Dirección Municipal de Salud de Otanche
15;15511;Dirección Municipal de Salud de Pachavita
15;15514;Dirección Municipal de Salud de Páez
15;15516;Dirección Municipal de Salud de Paipa
15;15518;Dirección Municipal de Salud de Pajarito
15;15522;Dirección Municipal de Salud de Panqueba
15;15531;Dirección Municipal de Salud de Pauna
15;15533;Dirección Municipal de Salud de Paya
15;15537;Dirección Municipal de Salud de Paz de Río
15;15542;Dirección Municipal de Salud de Pesca
15;15550;Dirección Municipal de Salud de Pisba
15;15572;Dirección Municipal de Salud de Puerto Boyacá
15;15580;Dirección Municipal de Salud de Quípama
15;15599;Dirección Municipal de Salud de Ramiriquí
15;15600;Dirección Municipal de Salud de Ráquira
15;15621;Dirección Municipal de Salud de Rondón
15;15632;Dirección Municipal de Salud de Saboyá
15;15638;Dirección Municipal de Salud de Sáchica
15;15646;Dirección Municipal de Salud de Samacá
15;15660;Dirección Municipal de Salud de San Eduardo
15;15664;Dirección Municipal de Salud de San José de Pare
15;15667;Dirección Municipal de Salud de San Luis de Gaceno
15;15673;Dirección Municipal de Salud de San Mateo
15;15676;Dirección Municipal de Salud de San Miguel de Sema
15;15681;Dirección Municipal de Salud de San Pablo Borbur
15;15686;Dirección Municipal de Salud de Santana
15;15690;Dirección Municipal de Salud de Santa María
15;15693;Dirección Municipal de Salud de San Rosa Viterbo
15;15696;Dirección Municipal de Salud de Santa Sofía
15;15720;Dirección Municipal de Salud de Sativanorte
15;15723;Dirección Municipal de Salud de Sativasur
15;15740;Dirección Municipal de Salud de Siachoque
15;15753;Dirección Municipal de Salud de Soatá
15;15755;Dirección Municipal de Salud de Socotá
15;15757;Dirección Municipal de Salud de Socha
15;15759;Dirección Municipal de Salud de Sogamoso
15;15761;Dirección Municipal de Salud de Somondoco
15;15762;Dirección Municipal de Salud de Sora
15;15763;Dirección Municipal de Salud de Sotaquirá
15;15764;Dirección Municipal de Salud de Soracá
15;15774;Dirección Municipal de Salud de Susacón
15;15776;Dirección Municipal de Salud de Sutamarchán
15;15778;Dirección Municipal de Salud de Sutatenza
15;15790;Dirección Municipal de Salud de Tasco
15;15798;Dirección Municipal de Salud de Tenza
15;15804;Dirección Municipal de Salud de Tibaná
15;15806;Dirección Municipal de Salud de Tibasosa
15;15808;Dirección Municipal de Salud de Tinjacá
15;15810;Dirección Municipal de Salud de Tipacoque
15;15814;Dirección Municipal de Salud de Toca
15;15816;Dirección Municipal de Salud de Togüí
15;15820;Dirección Municipal de Salud de Tópaga
15;15822;Dirección Municipal de Salud de Tota
15;15832;Dirección Municipal de Salud de Tununguá
15;15835;Dirección Municipal de Salud de Turmequé
15;15837;Dirección Municipal de Salud de Tuta
15;15839;Dirección Municipal de Salud de Tutazá
15;15842;Dirección Municipal de Salud de Úmbita
15;15861;Dirección Municipal de Salud de Ventaquemada
15;15879;Dirección Municipal de Salud de Viracachá
15;15897;Dirección Municipal de Salud de Zetaquirá
17;17000;Dirección Departamental de Caldas
17;17001;Dirección Municipal de Salud de Manizales
17;17013;Dirección Municipal de Salud de Aguadas
17;17042;Dirección Municipal de Salud de Anserma
17;17050;Dirección Municipal de Salud de Aranzazu
17;17088;Dirección Municipal de Salud de Belalcazar
17;17174;Dirección Municipal de Salud de Chinchiná
17;17272;Dirección Municipal de Salud de Filadelfia
17;17380;Dirección Municipal de Salud de La Dorada
17;17388;Dirección Municipal de Salud de La Merced
17;17433;Dirección Municipal de Salud de Manzanares
17;17442;Dirección Municipal de Salud de Marmato
17;17444;Dirección Municipal de Salud de Marquetalia
17;17446;Dirección Municipal de Salud de Marulanda
17;17486;Dirección Municipal de Salud de Neira
17;17495;Dirección Municipal de Salud de Norcasia
17;17513;Dirección Municipal de Salud de Pácora
17;17524;Dirección Municipal de Salud de Palestina
17;17541;Dirección Municipal de Salud de Pensilvania
17;17614;Dirección Municipal de Salud de Riosucio
17;17616;Dirección Municipal de Salud de Risaralda
17;17653;Dirección Municipal de Salud de Salamina
17;17662;Dirección Municipal de Salud de Samaná
17;17665;Dirección Municipal de Salud de San José
17;17777;Dirección Municipal de Salud de Supía
17;17867;Dirección Municipal de Salud de Victoria
17;17873;Dirección Municipal de Salud de Villamaría
17;17877;Dirección Municipal de Salud de Viterbo
18;18000;Dirección Departamental de Caqueta
18;18001;Dirección Municipal de Salud de Florencia
18;18029;Dirección Municipal de Salud de Albania Caqueta
18;18094;Dirección Municipal de Salud de Belén de Los Andaquíes
18;18150;Dirección Municipal de Salud de Cartagena del Chairá
18;18205;Dirección Municipal de Salud de Currillo
18;18247;Dirección Municipal de Salud de El Doncello
18;18256;Dirección Municipal de Salud de El Paujil
18;18410;Dirección Municipal de Salud de La Montañita
18;18460;Dirección Municipal de Salud de Milán
18;18479;Dirección Municipal de Salud de Morelia
18;18592;Dirección Municipal de Salud de Puerto Rico
18;18610;Dirección Municipal de Salud de San José de la Fragua
18;18753;Dirección Municipal de Salud de San Vicente del Caguán
18;18756;Dirección Municipal de Salud de Solano
18;18785;Dirección Municipal de Salud de Solita
18;18860;Dirección Municipal de Salud de Valparaíso
19;19000;Dirección Departamental del Cauca
19;19001;Dirección Municipal de Salud de Popayán
19;19022;Dirección Municipal de Salud de Almaguer
19;19050;Dirección Municipal de Salud de Argelia
19;19075;Dirección Municipal de Salud de Balboa
19;19100;Dirección Municipal de Salud de Bolívar
19;19110;Dirección Municipal de Salud de Buenos Aires
19;19130;Dirección Municipal de Salud de Cajibío
19;19137;Dirección Municipal de Salud de Caldono
19;19142;Dirección Municipal de Salud de Caloto
19;19212;Dirección Municipal de Salud de Corinto
19;19256;Dirección Municipal de Salud de El Tambo
19;19290;Dirección Municipal de Salud de Florencia
19;19300;Dirección Municipal de Guachené
19;19318;Dirección Municipal de Salud de Guapí
19;19355;Dirección Municipal de Salud de Inza
19;19364;Dirección Municipal de Salud de Jambaló
19;19392;Dirección Municipal de Salud de La Sierra
19;19397;Dirección Municipal de Salud de La Vega
19;19418;Dirección Municipal de Salud de López
19;19450;Dirección Municipal de Salud de Mercaderes
19;19455;Dirección Municipal de Salud de Miranda
19;19473;Dirección Municipal de Salud de Morales
19;19513;Dirección Municipal de Salud de Padilla
19;19517;Dirección Municipal de Salud de Páez
19;19532;Dirección Municipal de Salud de Patía
19;19533;Dirección Municipal de Salud de Piamonte
19;19548;Dirección Municipal de Salud de Piendamó
19;19573;Dirección Municipal de Salud de Puerto Tejada
19;19585;Dirección Municipal de Salud de Puracé
19;19622;Dirección Municipal de Salud de Rosas
19;19693;Dirección Municipal de Salud de San Sebastián
19;19698;Dirección Municipal de Salud de Santander de Quilichao
19;19701;Dirección Municipal de Salud de Santa Rosa
19;19743;Dirección Municipal de Salud de Silvia
19;19760;Dirección Municipal de Salud de Sotará
19;19780;Dirección Municipal de Salud de Suárez
19;19785;Dirección Municipal de Salud de Sucre
19;19807;Dirección Municipal de Salud de Timbío
19;19809;Dirección Municipal de Salud de Timbiquí
19;19821;Dirección Municipal de Salud de Toribío
19;19824;Dirección Municipal de Salud de Totoró
19;19845;Dirección Municipal de Salud de Villa Rica
20;20000;Dirección Departamental del Cesar
20;20001;Dirección Municipal de Salud de Valledupar
20;20011;Dirección Municipal de Salud de Aguachica
20;20013;Dirección Municipal de Salud de Agustín Codazzi
20;20032;Dirección Municipal de Salud de Astrea
20;20045;Dirección Municipal de Salud de Becerril
20;20060;Dirección Municipal de Salud de Bosconia
20;20175;Dirección Municipal de Salud de Chimichagua
20;20178;Dirección Municipal de Salud de Chiriguana
20;20228;Dirección Municipal de Salud de Curumani
20;20238;Dirección Municipal de Salud de El Copey
20;20250;Dirección Municipal de Salud de El Paso
20;20295;Dirección Municipal de Salud de Gamarra
20;20310;Dirección Municipal de Salud de González
20;20383;Dirección Municipal de Salud de La Gloria
20;20400;Dirección Municipal de Salud de La Jagua de Ibirico
20;20443;Dirección Municipal de Salud de Manaure
20;20517;Dirección Municipal de Salud de Pailitas
20;20550;Dirección Municipal de Salud de Pelaya
20;20570;Dirección Municipal de Salud de Pueblo Bello
20;20614;Dirección Municipal de Salud de Río de Oro
20;20621;Dirección Municipal de Salud de La Paz
20;20710;Dirección Municipal de Salud de San Alberto
20;20750;Dirección Municipal de Salud de San Diego
20;20770;Dirección Municipal de Salud de San Martín
20;20787;Dirección Municipal de Salud de Tamalameque
23;23000;Dirección Departametal de Córdoba
23;23001;Dirección Municipal de Salud de Monteria
23;23068;Dirección Municipal de Salud de Ayapel
23;23079;Dirección Municipal de Salud de Buenavista
23;23090;Dirección Municipal de Salud de Canalete
23;23162;Dirección Municipal de Salud de Cereté
23;23168;Dirección Municipal de Salud de Chimé
23;23182;Dirección Municipal de Salud de Chinu
23;23189;Dirección Municipal de Salud de Cienaga de Oro
23;23300;Dirección Municipal de Salud de Cotorra
23;23350;Dirección Municipal de Salud de La Apartada
23;23417;Dirección Municipal de Salud de Lorica
23;23419;Dirección Municipal de Salud de Los Córdobas
23;23464;Dirección Municipal de Salud de Momil
23;23466;Dirección Municipal de Salud de Montelíbano
23;23500;Dirección Municipal de Salud de Moñitos
23;23555;Dirección Municipal de Salud de Planeta Rica
23;23570;Dirección Municipal de Salud de Pueblo Nuevo
23;23574;Dirección Municipal de Salud de Puerto Escondido
23;23580;Dirección Municipal de Salud de Puerto Libertador
23;23586;Dirección Municipal de Salud de Purísima
23;23660;Dirección Municipal de Salud de Sahagún
23;23670;Dirección Municipal de Salud de San Andres de Sotavento
23;23672;Dirección Municipal de Salud de San Antero
23;23675;Dirección Municipal de Salud de San Bernardo del Viento
23;23678;Dirección Municipal de Salud de San Carlos
23;23682;Dirección Municipal de San Jose de Uré
23;23686;Dirección Municipal de Salud de San Pelayo
23;23807;Dirección Municipal de Salud de Tierralta
23;23815;Dirección Municipal de Tuchín
23;23855;Dirección Municipal de Salud de Valencia
25;25000;Dirección Departamental de Cundinamarca
25;25001;Dirección Municipal de Salud de Agua de Dios
25;25019;Dirección Municipal de Salud de Albán
25;25035;Dirección Municipal de Salud de Anapoima
25;25040;Dirección Municipal de Salud de Anolaima
25;25053;Dirección Municipal de Salud de Arbeláez
25;25086;Dirección Municipal de Salud de Beltrán
25;25095;Dirección Municipal de Salud de Bituima
25;25099;Dirección Municipal de Salud de Bojacá
25;25120;Dirección Municipal de Salud de Cabrera
25;25123;Dirección Municipal de Salud de Cachipay
25;25126;Dirección Municipal de Salud de Cajicá
25;25148;Dirección Municipal de Salud de Caparrapí
25;25151;Dirección Municipal de Salud de Cáqueza
25;25154;Dirección Municipal de Salud de Carmen de Carupa
25;25168;Dirección Municipal de Salud de Chaguaní
25;25175;Dirección Municipal de Salud de Chía
25;25178;Dirección Municipal de Salud de Chipaque
25;25181;Dirección Municipal de Salud de Choachí
25;25183;Dirección Municipal de Salud de Chocontá
25;25200;Dirección Municipal de Salud de Cogua
25;25214;Dirección Municipal de Salud de Cota
25;25224;Dirección Municipal de Salud de Cucunubá
25;25245;Dirección Municipal de Salud de El Colegio
25;25258;Dirección Municipal de Salud de El Peñon
25;25260;Dirección Municipal de Salud de El Rosal
25;25269;Dirección Municipal de Salud de Facatativá
25;25279;Dirección Municipal de Salud de Fómeque
25;25281;Dirección Municipal de Salud de Fosca
25;25286;Dirección Municipal de Salud de Funza
25;25288;Dirección Municipal de Salud de Fúquene
25;25290;Dirección Municipal de Salud de Fusagasugá
25;25293;Dirección Municipal de Salud de Gachalá
25;25295;Dirección Municipal de Salud de Gachancipá
25;25297;Dirección Municipal de Salud de Gachetá
25;25299;Dirección Municipal de Salud de Gama
25;25307;Dirección Municipal de Salud de Girardot
25;25312;Dirección Municipal de Salud de Granada
25;25317;Dirección Municipal de Salud de Guachetá
25;25320;Dirección Municipal de Salud de Guaduas
25;25322;Dirección Municipal de Salud de Guasca
25;25324;Dirección Municipal de Salud de Guataquí
25;25326;Dirección Municipal de Salud de Guatavita
25;25328;Dirección Municipal de Salud de Guayabal de Síquima
25;25335;Dirección Municipal de Salud de Guayabetal
25;25339;Dirección Municipal de Salud de Gutiérrez
25;25368;Dirección Municipal de Salud de Jerusalén
25;25372;Dirección Municipal de Salud de Junín
25;25377;Dirección Municipal de Salud de La Calera
25;25386;Dirección Municipal de Salud de La Mesa
25;25394;Dirección Municipal de Salud de La Palma
25;25398;Dirección Municipal de Salud de La Peña
25;25402;Dirección Municipal de Salud de La Vega
25;25407;Dirección Municipal de Salud de Lenguazaque
25;25426;Dirección Municipal de Salud de Machetá
25;25430;Dirección Municipal de Salud de Madrid
25;25436;Dirección Municipal de Salud de Manta
25;25438;Dirección Municipal de Salud de Medina
25;25473;Dirección Municipal de Salud de Mosquera
25;25483;Dirección Municipal de Salud de Nariño
25;25486;Dirección Municipal de Salud de Nemocón
25;25488;Dirección Municipal de Salud de Nilo
25;25489;Dirección Municipal de Salud de Nimaima
25;25491;Dirección Municipal de Salud de Nocaima
25;25506;Dirección Municipal de Salud de Venecia
25;25513;Dirección Municipal de Salud de Pacho
25;25518;Dirección Municipal de Salud de Paime
25;25524;Dirección Municipal de Salud de Pandi
25;25530;Dirección Municipal de Salud de Paratebueno
25;25535;Dirección Municipal de Salud de Pasca
25;25572;Dirección Municipal de Salud de Puerto Salgar
25;25580;Dirección Municipal de Salud de Puli
25;25592;Dirección Municipal de Salud de Quebradanegra
25;25594;Dirección Municipal de Salud de Quetame
25;25596;Dirección Municipal de Salud de Quipile
25;25599;Dirección Municipal de Salud de Apulo
25;25612;Dirección Municipal de Salud de Ricaurte
25;25645;Dirección Municipal de Salud de San Antonio de Tequendama
25;25649;Dirección Municipal de Salud de San Bernardo
25;25653;Dirección Municipal de Salud de San Cayetano
25;25658;Dirección Municipal de Salud de San Francisco
25;25662;Dirección Municipal de Salud de San Juan de Rioseco
25;25718;Dirección Municipal de Salud de Sasaima
25;25736;Dirección Municipal de Salud de Sesquilé
25;25740;Dirección Municipal de Salud de Sibaté
25;25743;Dirección Municipal de Salud de Silvania
25;25745;Dirección Municipal de Salud de Simijaca
25;25754;Dirección Municipal de Salud de Soacha
25;25758;Dirección Municipal de Salud de Sopo
25;25769;Dirección Municipal de Salud de Subachoque
25;25772;Dirección Municipal de Salud de Suesca
25;25777;Dirección Municipal de Salud de Supatá
25;25779;Dirección Municipal de Salud de Susa
25;25781;Dirección Municipal de Salud de Sutatausa
25;25785;Dirección Municipal de Salud de Tabio
25;25793;Dirección Municipal de Salud de Tausa
25;25797;Dirección Municipal de Salud de Tena
25;25799;Dirección Municipal de Salud de Tenjo
25;25805;Dirección Municipal de Salud de Tibacuy
25;25807;Dirección Municipal de Salud de Tibirita
25;25815;Dirección Municipal de Salud de Tocaima
25;25817;Dirección Municipal de Salud de Tocancipá
25;25823;Dirección Municipal de Salud de Topaipí
25;25839;Dirección Municipal de Salud de Ubalá
25;25841;Dirección Municipal de Salud de Ubaque
25;25843;Dirección Municipal de Salud de Ubaté
25;25845;Dirección Municipal de Salud de Une
25;25851;Dirección Municipal de Salud de Útica
25;25862;Dirección Municipal de Salud de Vergara
25;25867;Dirección Municipal de Salud de Vianí
25;25871;Dirección Municipal de Salud de Villagómez
25;25873;Dirección Municipal de Salud de Villapinzón
25;25875;Dirección Municipal de Salud de Villeta
25;25878;Dirección Municipal de Salud de Viotá
25;25885;Dirección Municipal de Salud de Yacopi
25;25898;Dirección Municipal de Salud de Zipacón
25;25899;Dirección Municipal de Salud de Zipaquirá
27;27000;Dirección Departamental de Chocó
27;27001;Dirección Municipal de Salud de Quibdó
27;27006;Dirección Municipal de Acandí
27;27025;Dirección Municipal de Salud de Alto Baudó
27;27050;Dirección Municipal de Salud de Atrato
27;27073;Dirección Municipal de Salud de Bagado
27;27075;Dirección Municipal de Salud de Bahía Solano
27;27077;Dirección Municipal de Salud de Bajo Baudó
27;27086;Dirección Municipal de Salud de Belén de Bajira
27;27099;Dirección Municipal de Salud de Bojayá
27;27135;Dirección Municipal de Salud de Cantoón de San Pablo
27;27150;Dirección Municipal de Salud de Carmen del Darién
27;27160;Dirección Municipal de Salud de Cértegui
27;27205;Dirección Municipal de Salud de Condoto
27;27245;Dirección Municipal de Salud de El Carmen de Atrato
27;27250;Dirección Municipal de Salud de El Litoral del San Juan
27;27361;Dirección Municipal de Salud de Itsmina
27;27372;Dirección Municipal de Salud de Juradó
27;27413;Dirección Municipal de Salud de Lloró
27;27425;Dirección Municipal de Salud de Medio Atrato
27;27430;Dirección Municipal de Salud de Medio Baudó
27;27450;Dirección Municipal de Salud de Medio San Juan
27;27491;Dirección Municipal de Salud de Nóvita
27;27495;Dirección Municipal de Salud de Nuquí
27;27580;Dirección Municipal de Salud de Río Iro
27;27600;Dirección Municipal de Salud de Río Quito
27;27615;Dirección Municipal de Salud de Riosucio
27;27660;Dirección Municipal de Salud de San José del Palmar
27;27745;Dirección Municipal de Salud de Sipi
27;27787;Dirección Municipal de Salud de Tadó
27;27800;Dirección Municipal de Salud de Unguía
27;27810;Dirección Municipal de Salud de Unión Panamericana
41;41000;Dirección Departamental de Huila
41;41001;Dirección Local de Salud de Neiva
41;41006;Dirección Local de Salud de Acevedo Huila
41;41013;Dirección Municipal de Salud de Agrado
41;41016;Dirección Local de Salud de Aipe
41;41020;Dirección Municipal de Salud de Algeciras
41;41026;Dirección Municipal de Salud de Altamira
41;41078;Dirección Municipal de Salud de Baraya
41;41132;Dirección Municipal de Salud de Campoalegre
41;41206;Dirección Municipal de Salud de Colombia
41;41244;Dirección Municipal de Salud de Elías
41;41298;Dirección Municipal de Salud de Garzón
41;41306;Dirección Municipal de Salud de Gigante
41;41319;Dirección Municipal de Salud de Guadalupe
41;41349;Dirección Municipal de Salud de Hobo
41;41357;Dirección Municipal de Salud de Íquira
41;41359;Dirección Municipal de Salud de Isnos
41;41378;Dirección Municipal de Salud de La Argentina
41;41396;Dirección Local de Salud La Plata Huila
41;41483;Dirección Local de Salud Nátaga Huila
41;41503;Dirección Municipal de Salud de Oporapa
41;41518;Dirección Municipal de Salud de Paicol
41;41524;Dirección Local de Salud de Palermo Huila
41;41530;Dirección Local de Salud Palestina Huila
41;41548;Dirección Local de Salud El Pital
41;41551;Dirección Local de Salud de Pitalito Huila
41;41615;Dirección Local de Salud de Rivera Huila
41;41660;Dirección Local de Salud Salado Blanco
41;41668;Dirección Municipal de Salud de San Agustín
41;41676;Dirección Municipal de Salud de Santa María
41;41770;Dirección Municipal de Salud de Suaza
41;41791;Dirección Municipal de Salud de Tarqui
41;41797;Dirección Municipal de Salud de Tesalia
41;41799;Dirección Municipal de Salud de Tello
41;41801;Dirección Local de Salud de Teruel Huila
41;41807;Dirección Municipal de Salud de Timaná
41;41872;Secretaria Municipal de Salud Villavieja Huila
41;41885;Dirección Local de Salud de Yaguara
44;44000;Dirección Departamental de la Guajira
44;44001;Dirección Municipal de Riohacha
44;44035;Dirección Municipal de Salud de Albania
44;44078;Dirección Municipal de Salud de Barrancas
44;44090;Dirección Municipal de Salud de Dibulla
44;44098;Dirección Municipal de Salud de Distracción
44;44110;Dirección Municipal de Salud de El Molino
44;44279;Dirección Municipal de Salud de Fonseca
44;44378;Dirección Municipal de Salud de Hatonuevo
44;44420;Dirección Municipal de Salud de La Jagua del Pilar
44;44430;Dirección Municipal de Salud de Maicao
44;44560;Dirección Municipal de Salud de Manaure
44;44650;Dirección Municipal de Salud de San Juan del Cesar
44;44847;Dirección Municipal de Salud de Uribia
44;44855;Dirección Municipal de Salud de Urumita
44;44874;Dirección Municipal de Salud de Villanueva
47;47000;Dirección Departamental del Magdalena
47;47001;Dirección Municipal de Salud de Santa Marta
47;47030;Dirección Municipal de Salud de Algarrobo
47;47053;Dirección Municipal de Salud de Aracataca
47;47058;Dirección Municipal de Salud de Ariguaní
47;47161;Dirección Municipal de Salud de Cerro San Antonio
47;47170;Dirección Municipal de Salud de Chivolo
47;47189;Dirección Municipal de Salud de Ciénaga
47;47205;Dirección Municipal de Salud de Concordia
47;47245;Dirección Municipal de Salud de El Banco
47;47258;Dirección Municipal de Salud de El Piñón
47;47268;Dirección Municipal de Salud de El Retén
47;47288;Dirección Municipal de Salud de Fundación
47;47318;Dirección Municipal de Salud de Guamal
47;47460;Dirección Municipal de Salud de Nueva Granada
47;47541;Dirección Municipal de Salud de Pedraza
47;47545;Dirección Municipal de Salud de Pijino del Carmen
47;47551;Dirección Municipal de Salud de Pivijay
47;47555;Dirección Municipal de Salud de Plato
47;47570;Dirección Municipal de Salud de Puebloviejo
47;47605;Dirección Municipal de Salud de Remolino
47;47660;Dirección Municipal de Salud de Sabanas de San Ángel
47;47675;Dirección Municipal de Salud de Salamina
47;47692;Dirección Municipal de Salud de San Sebastián de Buenavista
47;47703;Dirección Municipal de Salud de San Zenón
47;47707;Dirección Municipal de Salud de Santa Ana
47;47720;Dirección Municipal de Salud de Santa Bárbara de Pinto
47;47745;Dirección Municipal de Salud de Sitionuevo
47;47798;Dirección Municipal de Salud de Tenerife
47;47960;Dirección Municipal de Salud de Zapayán
47;47980;Dirección Municipal de Salud de Zona Bananera
50;50000;Dirección Departamental del Meta
50;50001;Dirección de Salud de Villavicencio
50;50006;Dirección Municipal de Acacías
50;50110;Dirección Municipal de Salud de Barranca de Upía
50;50124;Dirección Municipal de Salud de Cabuyaro
50;50150;Dirección Municipal de Salud de Castilla la Nueva
50;50223;Dirección Municipal de Salud de San Luis de Cubarral
50;50226;Dirección Municipal de Salud de Cumaral
50;50245;Dirección Municipal de Salud de El Calvario
50;50251;Dirección Municipal de Salud de El Castillo
50;50270;Dirección Municipal de Salud de El Dorado
50;50287;Dirección Municipal de Salud de Fuente de Oro
50;50313;Dirección Municipal de Salud de Granada
50;50318;Dirección Municipal de Salud de Guamal
50;50325;Dirección Municipal de Salud de Mapiripán
50;50330;Dirección Municipal de Salud de Mesetas
50;50350;Dirección Municipal de Salud de La Macarena
50;50370;Dirección Municipal de Salud de La Uribe
50;50400;Dirección Municipal de Salud de Lejanías
50;50450;Dirección Municipal de Salud de Puerto Concordia
50;50568;Dirección Municipal de Salud de Puerto Gaitán
50;50573;Dirección Municipal de Salud de Puerto López
50;50577;Dirección Municipal de Salud de Puerto Lleras
50;50590;Dirección Municipal de Salud de Puerto Rico
50;50606;Dirección Municipal de Salud de Restrepo
50;50680;Dirección Municipal de Salud de San Carlos Guaroa
50;50683;Dirección Municipal de Salud de San Juan de Arama
50;50686;Dirección Municipal de Salud de San Juanito
50;50689;Dirección Municipal de Salud de San Martín
50;50711;Dirección Municipal de Salud de Vista Hermosa
52;52000;Dirección Departamental de Nariño
52;52001;Dirección Municipal de Salud de Pasto
52;52019;Dirección Municipal de Salud de Albán
52;52022;Dirección Municipal de Salud de Aldana
52;52036;Dirección Municipal de Salud de Ancuyá
52;52051;Dirección Municipal de Salud de Arboleda
52;52079;Dirección Municipal de Salud de Barbacoas
52;52083;Dirección Municipal de Salud de Belén
52;52110;Dirección Municipal de Salud de Buesaco
52;52203;Dirección Municipal de Salud de Colón
52;52207;Dirección Municipal de Salud de Consaca
52;52210;Dirección Municipal de Salud de Contadero
52;52215;Dirección Municipal de Salud de Córdoba
52;52224;Dirección Municipal de Salud de Cuaspúd
52;52227;Dirección Municipal de Salud de Cumbal
52;52233;Dirección Municipal de Salud de Cumbitara
52;52240;Dirección Municipal de Salud de Chachagüí
52;52250;Dirección Municipal de Salud de El Charco
52;52254;Dirección Municipal de Salud de El Peñol
52;52256;Dirección Municipal de Salud de El Rosario
52;52258;Dirección Municipal de Salud de El Tablón de Gómez
52;52260;Dirección Municipal de Salud de El Tambo
52;52287;Dirección Municipal de Salud de Funes
52;52317;Dirección Municipal de Salud de Guachucal
52;52320;Dirección Municipal de Salud de Guaitarilla
52;52323;Dirección Municipal de Salud de Gualmatán
52;52352;Dirección Municipal de Salud de Iles
52;52354;Dirección Municipal de Salud de Imués
52;52356;Dirección Municipal de Salud de Ipiales
52;52378;Dirección Municipal de Salud de La Cruz
52;52381;Dirección Municipal de Salud de La Florida
52;52385;Dirección Municipal de Salud de La Llanada
52;52390;Dirección Municipal de Salud de La Tola
52;52399;Dirección Municipal de Salud de La Unión
52;52405;Dirección Municipal de Salud de Leiva
52;52411;Dirección Municipal de Salud de Linares
52;52418;Dirección Municipal de Salud de Los Andes
52;52427;Dirección Municipal de Salud de Magüí
52;52435;Dirección Municipal de Salud de Mallama
52;52473;Dirección Municipal de Salud de Mosquera
52;52480;Dirección Municipal de Salud de Nariño
52;52490;Dirección Municipal de Salud de Olaya Herrera
52;52506;Dirección Municipal de Salud de Ospina
52;52520;Dirección Municipal de Salud de Francisco Pizarro
52;52540;Dirección Municipal de Salud de Policarpa
52;52560;Dirección Municipal de Salud de Potosí
52;52565;Dirección Municipal de Salud de Providencia
52;52573;Dirección Municipal de Salud de Puerres
52;52585;Dirección Municipal de Salud de Pupiales
52;52612;Dirección Municipal de Salud de Ricaurte
52;52621;Dirección Municipal de Salud de Roberto Payán
52;52678;Dirección Municipal de Salud de Samaniego
52;52683;Dirección Municipal de Salud de Sandoná
52;52685;Dirección Municipal de Salud de San Bernardo
52;52687;Dirección Municipal de Salud de San Lorenzo
52;52693;Dirección Municipal de Salud de San Pablo
52;52694;Dirección Municipal de Salud de San Pedro de Cartago
52;52696;Dirección Municipal de Salud de Santa Bárbara
52;52699;Dirección Municipal de Salud de Santacruz
52;52720;Dirección Municipal de Salud de Sapuyes
52;52786;Dirección Municipal de Salud de Taminango
52;52788;Dirección Municipal de Salud de Tangua
52;52835;Dirección Municipal de Salud de Tumaco
52;52838;Dirección Municipal de Salud de Túquerres
52;52885;Dirección Municipal de Salud de Yacuanquer
54;54000;Dirección Departamental de Santander
54;54001;Dirección de Salud de Cúcuta
54;54003;Dirección Municipal de Salud de Ábrego
54;54051;Dirección Municipal de Salud de Arboledas
54;54099;Dirección Municipal de Salud de Bochalema
54;54109;Dirección Municipal de Salud de Bucarasica
54;54125;Dirección Municipal de Salud de Cácota
54;54128;Dirección Municipal de Salud de Cáchira
54;54172;Dirección Municipal de Salud de Chinácota
54;54174;Dirección Municipal de Salud de Chitagá
54;54206;Dirección Municipal de Salud de Convención
54;54223;Dirección Municipal de Salud de Cucutilla
54;54239;Dirección Municipal de Salud de Durania
54;54245;Dirección Municipal de Salud de El Carmen
54;54250;Dirección Municipal de Salud de El Tarra
54;54261;Dirección Municipal de Salud de El Zulia
54;54313;Dirección Municipal de Salud de Gramalote
54;54344;Dirección Municipal de Salud de Hacarí
54;54347;Dirección Municipal de Salud de Herrán
54;54377;Dirección Municipal de Salud de Labateca
54;54385;Dirección Municipal de Salud de la Esperanza
54;54398;Dirección Municipal de Salud de la Playa
54;54405;Dirección Municipal de Salud de Los Patios
54;54418;Dirección Municipal de Salud de Lourdes
54;54480;Dirección Municipal de Salud de Mutiscua
54;54498;Dirección Municipal de Salud de Ocaña
54;54518;Dirección Municipal de Salud de Pamplona
54;54520;Dirección Municipal de Salud de Pamplonita
54;54553;Dirección Municipal de Salud de Puerto Santander
54;54599;Dirección Municipal de Salud de Ragonvalia
54;54660;Dirección Municipal de Salud de Salazar
54;54670;Dirección Municipal de Salud de San Calixto
54;54673;Dirección Municipal de Salud de San Cayetano
54;54680;Dirección Municipal de Salud de Santiago
54;54720;Dirección Municipal de Salud de Sardinata
54;54743;Dirección Municipal de Salud de Silos
54;54800;Dirección Municipal de Salud de Teorama
54;54810;Dirección Municipal de Salud de Tibú
54;54820;Dirección Municipal de Salud de Toledo
54;54871;Dirección Municipal de Salud de Villa Caro
54;54874;Dirección Municipal de Salud de Villa del Rosario
63;63000;Dirección Departamental de Quindío
63;63001;Dirección Municipal de Salud de Armenia
63;63111;Dirección Municipal de Salud de Buenavista
63;63130;Dirección Municipal de Salud de Calarcá
63;63190;Dirección Municipal de Salud de Circasia
63;63212;Dirección Municipal de Salud de Córdoba
63;63272;Dirección Municipal de Salud de Filandia
63;63302;Dirección Municipal de Salud de Génova
63;63401;Dirección Municipal de Salud de La Tebaida
63;63470;Dirección Municipal de Salud de Montenegro
63;63548;Dirección Municipal de Salud de Pijao
63;63594;Dirección Municipal de Salud de Quimbaya
63;63690;Dirección Municipal de Salud de Salento
66;66000;Dirección Departamental de Risaralda
66;66001;Dirección Local de Salud Pereira
66;66045;Dirección Local de Salud de Apía
66;66075;Dirección Municipal de Salud de Balboa
66;66088;Dirección Municipal de Salud de Belén de Umbría
66;66170;Dirección Municipal de Salud de Dos Quebradas
66;66318;Dirección Municipal de Salud de Guática
66;66383;Dirección Municipal de Salud de La Celia
66;66400;Dirección Local de Salud La Virginia
66;66440;Dirección Municipal de Salud de Marsella
66;66456;Dirección Municipal de Salud de Mistrató
66;66572;Dirección Municipal de Salud de Pueblo Rico
66;66594;Dirección Local de Salud de Quinchía Rsda
66;66682;Dirección Municipal de Salud de Santa Rosa de Cabal
66;66687;Dirección Municipal de Salud de Santuario
68;68000;Direcion Departamerntal de Santander
68;68001;Dirección Municipal de Salud de Bucaramanga
68;68013;Dirección Municipal de Salud de Aguada
68;68020;Dirección Municipal de Salud de Albania Santander
68;68051;Dirección Municipal de Salud de Aratoca
68;68077;Dirección Municipal de Salud de Barbosa
68;68079;Dirección Municipal de Salud de Barichara
68;68081;Dirección Municipal de Salud de Barrancabermeja
68;68092;Dirección Municipal de Salud de Betulia
68;68101;Dirección Municipal de Salud de Bolívar
68;68121;Dirección Municipal de Salud de Cabrera
68;68132;Dirección Municipal de Salud de California
68;68147;Dirección Municipal de Salud de Capitanejo
68;68152;Dirección Municipal de Salud de Carcasí
68;68160;Dirección Municipal de Salud de Cepitá
68;68162;Dirección Municipal de Salud de Cerrito
68;68167;Dirección Municipal de Salud de Charalá
68;68169;Dirección Municipal de Salud de Charta
68;68176;Dirección Municipal de Salud de Chima
68;68179;Dirección Municipal de Salud de Chipatá
68;68190;Dirección Municipal de Salud de Cimitarra
68;68207;Dirección Municipal de Salud de Concepción
68;68209;Dirección Municipal de Salud de Confines
68;68211;Dirección Municipal de Salud de Contratación
68;68217;Dirección Municipal de Salud de Coromoro
68;68229;Dirección Municipal de Salud de Curití
68;68235;Dirección Municipal de Salud de El Carmen de Chucurí
68;68245;Dirección Municipal de Salud de El Guacamayo
68;68250;Dirección Municipal de Salud de El Peñón
68;68255;Dirección Municipal de Salud de El Playón
68;68264;Dirección Municipal de Salud de Encino
68;68266;Dirección Municipal de Salud de Enciso
68;68271;Dirección Municipal de Salud de El Florián
68;68276;Dirección Municipal de Salud de Floridablanca
68;68296;Dirección Municipal de Salud de Galán
68;68298;Dirección Municipal de Salud de Gámbita
68;68307;Dirección Municipal de Salud de Girón
68;68318;Dirección Municipal de Salud de Guaca
68;68320;Dirección Municipal de Salud de Guadalupe
68;68322;Dirección Municipal de Salud de Guapotá
68;68324;Dirección Municipal de Salud de Guavatá
68;68327;Dirección Municipal de Salud de Güepsa
68;68344;Dirección Municipal de Salud de Hato
68;68368;Dirección Municipal de Salud de Jesús María
68;68370;Dirección Municipal de Salud de Jordán
68;68377;Dirección Municipal de Salud de La Belleza
68;68385;Dirección Municipal de Salud de Landazuri
68;68397;Dirección Municipal de Salud de La Paz
68;68406;Dirección Municipal de Salud de Lebrija
68;68418;Dirección Municipal de Salud de Los Santos
68;68425;Dirección Municipal de Salud de Macaravita
68;68432;Dirección Municipal de Salud de Málaga
68;68444;Dirección Municipal de Salud de Matanza
68;68464;Dirección Municipal de Salud de Mogotes
68;68468;Dirección Municipal de Salud de Molagavita
68;68498;Dirección Municipal de Salud de Ocamonte
68;68500;Dirección Municipal de Salud de Oiba
68;68502;Dirección Municipal de Salud de Onzaga
68;68522;Dirección Municipal de Salud de Palmar
68;68524;Dirección Municipal de Salud de Palmas del Socorro
68;68533;Dirección Municipal de Salud de Páramo
68;68547;Dirección Municipal de Salud de Piedecuesta
68;68549;Dirección Municipal de Salud de Pinchote
68;68572;Dirección Municipal de Salud de Puente Nacional
68;68573;Dirección Municipal de Salud de Puerto Parra
68;68575;Dirección Municipal de Salud de Puerto Wilches
68;68615;Dirección Municipal de Salud de Rionegro
68;68655;Dirección Municipal de Salud de Sabana de Torres
68;68669;Dirección Municipal de Salud de San Andrés
68;68673;Dirección Municipal de Salud de San Benito
68;68679;Dirección Municipal de Salud de San Gil
68;68682;Dirección Municipal de Salud de San Joaquín
68;68684;Dirección Municipal de Salud de San José de Miranda
68;68686;Dirección Municipal de Salud de San Miguel
68;68689;Dirección Municipal de Salud de San Vicente de Chucurí
68;68705;Dirección Municipal de Salud de Santa Bárbara
68;68720;Dirección Municipal de Salud de Santa Helena del Opón
68;68745;Dirección Municipal de Salud de Simacota
68;68755;Dirección Municipal de Salud de Socorro
68;68770;Dirección Municipal de Salud de Suaita
68;68773;Dirección Municipal de Salud de Sucre
68;68780;Dirección Municipal de Salud de Suratá
68;68820;Dirección Municipal de Salud de Tona
68;68855;Dirección Municipal de Salud de Valle San José
68;68861;Dirección Municipal de Salud de Vélez
68;68867;Dirección Municipal de Salud de Vetas
68;68872;Dirección Municipal de Salud de Villanueva
68;68895;Dirección Municipal de Salud de Zapatoca
70;70000;Dirección Departamental de Sucre
70;70001;Dirección Municipal de Salud de Sincelejo
70;70110;Dirección Municipal de Salud de Buenavista
70;70124;Dirección Municipal de Salud de Caimito
70;70204;Dirección Municipal de Salud de Colosó
70;70215;Dirección Municipal de Salud de Corozal
70;70221;Dirección Municipal de Salud de Coveñas
70;70230;Dirección Municipal de Salud de Chalán
70;70233;Dirección Municipal de Salud de El Roble
70;70235;Dirección Municipal de Salud de Galeras
70;70265;Dirección Municipal de Salud de Guaranda
70;70400;Dirección Municipal de Salud de La Unión
70;70418;Dirección Municipal de Salud de Los Palmitos
70;70429;Dirección Municipal de Salud de Majagual
70;70473;Dirección Municipal de Salud de Morroa
70;70508;Dirección Municipal de Salud de Ovejas
70;70523;Dirección Municipal de Salud de Palmito
70;70670;Dirección Municipal de Salud de Sampués
70;70678;Dirección Municipal de Salud de San Benito Abad
70;70702;Dirección Municipal de Salud de San Juan Betulia
70;70708;Dirección Municipal de Salud de San Marcos
70;70713;Dirección Municipal de Salud de San Onofre
70;70717;Dirección Municipal de Salud de San Pedro
70;70742;Dirección Municipal de Salud de Sincé
70;70771;Dirección Municipal de Salud de Sucre
70;70820;Dirección Municipal de Salud de Santiago de Tolú
70;70823;Dirección Municipal de Salud de Tolú Viejo
73;73000;Direcion Departamental de Tolima
73;73001;Dirección Municipal de Ibague
73;73024;Dirección Municipal de Salud de Alpujarra
73;73026;Dirección Municipal de Salud de Alvarado
73;73030;Dirección Municipal de Salud de Ambalema
73;73043;Dirección Municipal de Salud de Anzoátegui
73;73055;Dirección Municipal de Salud de Armero
73;73067;Dirección Municipal de Salud de Ataco
73;73124;Dirección Municipal de Salud de Cajamarca
73;73148;Dirección Municipal de Salud de Carmen Apicalá
73;73152;Dirección Municipal de Salud de Casabianca
73;73168;Dirección Municipal de Salud de Chaparral
73;73200;Dirección Municipal de Salud de Coello
73;73217;Dirección Municipal de Salud de Coyaima
73;73226;Dirección Municipal de Salud de Cunday
73;73236;Dirección Municipal de Salud de Dolores
73;73268;Dirección Municipal de Salud de Espinal
73;73270;Dirección Municipal de Salud de Falan
73;73275;Dirección Municipal de Salud de Flandes
73;73283;Dirección Municipal de Salud de Fresno
73;73319;Dirección Municipal de Salud de Guamo
73;73347;Dirección Municipal de Salud de Herveo
73;73349;Dirección Municipal de Salud de Honda
73;73352;Dirección Municipal de Salud de Icononzo
73;73408;Dirección Municipal de Salud de Lérida
73;73411;Dirección Municipal de Salud de Líbano
73;73443;Dirección Municipal de Salud de Mariquita
73;73449;Dirección Municipal de Salud de Melgar
73;73461;Dirección Municipal de Salud de Murillo
73;73483;Dirección Municipal de Salud de Natagaima
73;73504;Dirección Municipal de Salud de Ortega
73;73520;Dirección Municipal de Salud de Palocabildo
73;73547;Dirección Municipal de Salud de Piedras
73;73555;Dirección Municipal de Salud de Planadas
73;73563;Dirección Municipal de Salud de Prado
73;73585;Dirección Municipal de Salud de Purificación
73;73616;Dirección Municipal de Salud de Rioblanco
73;73622;Dirección Municipal de Salud de Roncesvalles
73;73624;Dirección Municipal de Salud de Rovira
73;73671;Dirección Municipal de Salud de Saldaña
73;73675;Dirección Municipal de Salud de San Antonio
73;73678;Dirección Municipal de Salud de San Luis
73;73686;Dirección Municipal de Salud de Santa Isabel
73;73770;Dirección Municipal de Salud de Suárez
73;73854;Dirección Municipal de Salud de Valle de San Juan
73;73861;Dirección Municipal de Salud de Venadillo
73;73870;Dirección Municipal de Salud de Villahermosa
73;73873;Dirección Municipal de Salud de Villarrica
76;76000;Dirección Departamental del Valle del Cauca
76;76001;Secretaria de Salud Municipal de Cali
76;76020;Dirección Municipal de Salud de Alcalá
76;76036;Dirección Municipal de Salud de Andalucía
76;76041;Dirección Municipal de Salud de Ansermanuevo
76;76054;Dirección Municipal de Salud de Argelia
76;76100;Dirección Municipal de Salud de Bolívar
76;76109;Dirección Municipal de Salud de Buenaventura
76;76111;Dirección Municipal de Salud de Guadalajara de Buga
76;76113;Dirección Municipal de Salud de Bugalagrande
76;76122;Dirección Municipal de Salud de Caicedonia
76;76126;Dirección Municipal de Salud de Calima
76;76130;Dirección Municipal de Salud de Candelaria
76;76147;Dirección Municipal de Salud de Cartago
76;76233;Dirección Municipal de Salud de Dagua
76;76243;Dirección Municipal de Salud de El Águila
76;76246;Dirección Municipal de Salud de El Cairo
76;76248;Dirección Municipal de Salud de El Cerrito
76;76250;Dirección Municipal de Salud de El Dovio
76;76275;Dirección Municipal de Salud de Florida
76;76306;Dirección Municipal de Salud de Ginebra
76;76318;Dirección Municipal de Salud de Guacarí
76;76364;Dirección Municipal de Salud de Jamundí
76;76377;Dirección Municipal de Salud de La Cumbre
76;76400;Dirección Municipal de Salud de La Unión
76;76403;Dirección Municipal de Salud de La Victoria
76;76497;Dirección Municipal de Salud de Obando
76;76520;Dirección Municipal de Salud de Palmira
76;76563;Dirección Municipal de Salud de Pradera
76;76606;Dirección Municipal de Salud de Restrepo
76;76616;Dirección Municipal de Salud de Riofrio
76;76622;Dirección Municipal de Salud de Roldanillo
76;76670;Dirección Municipal de Salud de San Pedro
76;76736;Dirección Municipal de Salud de Sevilla
76;76823;Dirección Municipal de Salud de Toro
76;76828;Dirección Municipal de Salud de Trujillo
76;76834;Dirección Municipal de Salud de Tuluá
76;76845;Dirección Municipal de Salud de Ulloa
76;76863;Dirección Municipal de Salud de Versalles
76;76869;Dirección Municipal de Salud de Vijes
76;76890;Dirección Municipal de Salud de Yotoco
76;76892;Dirección Municipal de Salud de Yumbo
76;76895;Dirección Municipal de Salud de Zarzal
81;81000;Dirección Departamental de Arauca
81;81001;Dirección Municipal de Salud de Arauca
81;81065;Dirección Municipal de Salud de Arauquita
81;81220;Dirección Municipal de Salud de Cravo Norte
81;81300;Dirección Municipal de Salud de Fortul
81;81591;Dirección Municipal de Salud de Puerto Rondón
81;81736;Dirección Municipal de Salud de Saravena
81;81794;Dirección Municipal de Salud de Tame
85;85000;Dirección Departamental de Casanare
85;85001;Dirección Municipal de Salud de Yopal
85;85010;Dirección Municipal de Salud de Aguazul
85;85015;Dirección Municipal de Salud de Chámeza
85;85125;Dirección Municipal de Salud de Hato Corozal
85;85136;Dirección Municipal de Salud de La Salina
85;85139;Dirección Municipal de Salud de Maní
85;85162;Dirección Municipal de Salud de Monterrey
85;85225;Dirección Municipal de Salud de Nunchía
85;85230;Dirección Municipal de Salud de Orocué
85;85250;Dirección Municipal de Salud de Paz de Ariporo
85;85263;Dirección Municipal de Salud de Pore
85;85279;Dirección Municipal de Salud de Recetor
85;85300;Dirección Municipal de Salud de Sabanalarga
85;85315;Dirección Municipal de Salud de Sácama
85;85325;Dirección Municipal de Salud de San Luis de Palenque
85;85400;Dirección Municipal de Salud de Támara
85;85410;Dirección Municipal de Salud de Tauramena
85;85430;Dirección Municipal de Salud de Trinidad
85;85440;Dirección Municipal de Salud de Villanueva
86;86000;Dirección Departamental de Putumayo
86;86001;Dirección Municipal de Salud de Mocoa
86;86219;Dirección Municipal de Salud de Colón
86;86320;Dirección Municipal de Salud de Orito
86;86568;Dirección Municipal de Salud de Puerto Asís
86;86569;Dirección Municipal de Salud de Puerto Caicedo
86;86571;Dirección Municipal de Salud de Puerto Guzmán
86;86573;Dirección Municipal de Salud de Leguízamo
86;86749;Dirección Municipal de Salud de Sibundoy
86;86755;Dirección Municipal de Salud de San Francisco
86;86757;Dirección Municipal de Salud de San Miguel de Sema
86;86760;Dirección Municipal de Salud de Santiago
86;86865;Dirección Municipal de Salud de Valle del Guamuez la Hormiga
86;86885;Dirección Municipal de Salud de Villagarzón
88;88000;Secretaria Departamental de San Andrés
88;88001;Dirección Municipal de Salud de San Andrés
88;88564;Dirección Municipal de Salud de Providencia y Santa Catalina
91;91000;Dirección Departamental de Amazonas
91;91001;Dirección Municipal de Salud de Leticia
91;91263;Dirección Municipal de Salud de El Encanto
91;91405;Dirección Municipal de Salud de La Chorrera
91;91407;Dirección Municipal de Salud de La Pedrera
91;91430;Dirección Municipal de Salud de la Victoria
91;91460;Dirección Municipal de Salud de Mirití Paraná
91;91530;Dirección Municipal de Salud de Puerto Alegría
91;91536;Dirección Municipal de Salud de Puerto Arica
91;91540;Dirección Municipal de Salud de Puerto Nariño
91;91669;Dirección Municipal de Salud de Puerto Santander
91;91798;Dirección Municipal de Salud de Tarapacá
94;94000;Dirección Departamental de Guainía
94;94001;Dirección Municipal de Salud de Inírida
94;94343;Dirección Municipal de Salud de Barranco Mina
94;94663;Dirección Municipal de Salud de Mapiripana
94;94883;Dirección Municipal de Salud de San Felipe
94;94884;Dirección Municipal de Salud de Puerto Colombia
94;94885;Dirección Municipal de Salud de La Guadalupe
94;94886;Dirección Municipal de Salud de Cacahual
94;94887;Dirección Municipal de Salud de Pana Pana
94;94888;Dirección Municipal de Salud de Morichal
95;95000;Dirección Departamental de Guaviare
95;95001;Dirección Municipal de Salud de San José del Guaviare
95;95015;Dirección Municipal de Salud de Calamar
95;95025;Dirección Municipal de Salud de El Retorno
95;95200;Dirección Municipal de Salud de Miraflores
97;97000;Dirección Departamental de Vaupés
97;97001;Dirección Municipal de Salud de Mitú
97;97161;Dirección Municipal de Salud de Carurú
97;97511;Dirección Municipal de Salud de Pacoa
97;97666;Dirección Municipal de Salud de Taraira
97;97777;Dirección Municipal de Salud de Papunahua
97;97889;Dirección Municipal de Salud de Yavaraté
99;99000;Dirección Departamental de Vichada
99;99001;Dirección Municipal de Salud de Puerto Carreño
99;99524;Dirección Municipal de Salud de La Primavera
99;99624;Dirección Municipal de Salud de Santa Rosalía
99;99773;Dirección Municipal de Salud de Cumaribo
